"idweb","dateparution","nomacheteur","objet","etat","url_avis","requetes","mention_AIAct"
"26-19077","2026-02-25","Ministère de l'Interieur","AOO Composants Biométriques du Ministère de l'intérieur (CBIMI)","INITIAL","https://www.boamp.fr/pages/avis/?q=idweb:26-19077","biometrie","NON"
"26-10430","2026-01-31","Ministère de l'Interieur","AOO Composants Biométriques du Ministère de l'intérieur (CBIMI)","INITIAL","https://www.boamp.fr/pages/avis/?q=idweb:26-10430","biometrie","NON"
"26-32573","2026-04-01","Ministère de l'Interieur","AOO Composants Biométriques du Ministère de l'intérieur (CBIMI)","INITIAL","https://www.boamp.fr/pages/avis/?q=idweb:26-32573","biometrie","NON"
"26-35933","2026-04-10","OFFICE FRANCAIS DE LA BIODIVERSITE","Collecte de données biométriques et biologiques sur tous les stades de l’anguille (civelles, jaunes et argentées) capturées par la pêche professionnelle et analyse des otolithes","INITIAL","https://www.boamp.fr/pages/avis/?q=idweb:26-35933","biometrie","NON"
"26-36478","2026-04-12","CHU DE SAINT ETIENNE","DMS2024-02 AO092 Pour la fourniture de Dispositifs Médicaux Stériles à usage unique","INITIAL","https://www.boamp.fr/pages/avis/?q=idweb:26-36478","biometrie","NON"
"26-31235","2026-03-27","Métropole de Lyon","Marché Global de Performance pour la conception, la réalisation et l'exploitation-maintenance d'une unité de méthanisation des boues sur la station d'épuration de Pierre Bénite","INITIAL","https://www.boamp.fr/pages/avis/?q=idweb:26-31235","biometrie","NON"
"26-24599","2026-03-11","CHU ROUEN NORMANDIE","Fourniture de drapage, habillage, protections, housses et trousses - vague 1","INITIAL","https://www.boamp.fr/pages/avis/?q=idweb:26-24599","biometrie","NON"
"26-38749","2026-04-17","CHU BORDEAUX","Implants orthopédiques, chirurgie maxillo faciale et chirurgie de la main, divers consommables chirurgie orthopédique au profit du groupement régional de commandes - GCS Nouvelle-Aquitaine","INITIAL","https://www.boamp.fr/pages/avis/?q=idweb:26-38749","biometrie","NON"
"26-6698","2026-01-21","Societe Publique Locale Colibri","Fourniture de carburant et installation d'une cuve de stockage à accès par badge biométrique - SPL COLIBRI","INITIAL","https://www.boamp.fr/pages/avis/?q=idweb:26-6698","biometrie","NON"
"26-41382","2026-04-24","CH LE MANS","Fourniture de DISPOSITIFS MEDICAUX CONSOMMABLES pour ORTHOPEDIE, TRAUMATOLOGIE & CHIRURGIE MAXILLO-FACIALE stériles et non stériles","INITIAL","https://www.boamp.fr/pages/avis/?q=idweb:26-41382","biometrie","NON"
"26-30917","2026-03-26","CHU DE SAINT ETIENNE","Pour la fourniture de Dispositifs Médicaux Stériles à usage unique","INITIAL","https://www.boamp.fr/pages/avis/?q=idweb:26-30917","biometrie","NON"
"26-21640","2026-03-04","HOPITAUX DE PROVENCE","2025-0393  FOURNITURE DE DISPOSITIF MEDICAUX IMPLANTABLES POUR ORTHOPEDIE ET OSTEOSYNTHESE - ORT26 - AO (2026-2029)","INITIAL","https://www.boamp.fr/pages/avis/?q=idweb:26-21640","biometrie","NON"
"26-16670","2026-02-18","CH GPE HOSP DE LA ROCHELLE RE AUNIS","Fourniture de dispositifs médicaux consommables D'ORTHOPEDIE et D'OSTEOSYNTHESE ORTHO en 42 lots","INITIAL","https://www.boamp.fr/pages/avis/?q=idweb:26-16670","biometrie","NON"
"26-41470","2026-04-25","CH de Saint-Brieuc/Paimpol/Tréguier - Etablissement support du GHT d'ARMOR","FOURNITURE DE DM PROTHESES ORTHOPEDIQUES, LIGAMENTOPLASTIE, MATERIEL D'OSTEOSYNTHESE ORTHOPEDIQUE ET MAXILLOFACIALE 2026/2030","INITIAL","https://www.boamp.fr/pages/avis/?q=idweb:26-41470","biometrie","NON"
"26-11234","2026-02-03","Societe Publique Locale Colibri","Fourniture de carburant et installation d'une cuve de stockage à accès par badge biométrique - SPL COLIBRI","RECTIFICATIF","https://www.boamp.fr/pages/avis/?q=idweb:26-11234","biometrie","NON"
"26-22590","2026-03-06","OFFICE FRANCAIS DE LA BIODIVERSITE","Programme de surveillance des cours d'eau - échantillonnage de l'ichtyofaune (14 lots)","INITIAL","https://www.boamp.fr/pages/avis/?q=idweb:26-22590","biometrie","NON"
"26-1328","2026-01-08","Office de l'eau Réunion","SUIVI DES PEUPLEMENTS DE POISSONS ET MACROCRUSTACES DES ZONES D'EMBOUCHURES DU BASSIN REUNION","INITIAL","https://www.boamp.fr/pages/avis/?q=idweb:26-1328","biometrie","NON"
"26-42365","2026-04-28","Ville d'Antony","Aménagement et extension du système de vidéoprotection urbaine","INITIAL","https://www.boamp.fr/pages/avis/?q=idweb:26-42365","biometrie|IA_recrutement|video|IA_justice|IA_tout","NON"
"26-486","2026-01-07","VILLE de PARIS - DFA - SDA","Accord-cadre à marché subséquent pour la fourniture et acheminement de gaz naturel, aux points de livraison et d’estimation du groupement de commandes de la collectivité parisienne et services associé","INITIAL","https://www.boamp.fr/pages/avis/?q=idweb:26-486","biometrie","NON"
"26-967","2026-01-07","Syndicat Mixte du Lac d'Annecy","SILOE / Maintenance pour l'Unité de Valorisation de Biogaz","RECTIFICATIF","https://www.boamp.fr/pages/avis/?q=idweb:26-967","biometrie","NON"
"26-16283","2026-02-17","STCLM","FOURNITURE ET ACHEMINEMENT DE GAZ NATUREL 2026","INITIAL","https://www.boamp.fr/pages/avis/?q=idweb:26-16283","biometrie","NON"
"26-5489","2026-01-18","Ville de Lyon","Fournitures, installation et maintenance d'équipements pour les installations de vidéo protection et des dispositifs de suretés associés","INITIAL","https://www.boamp.fr/pages/avis/?q=idweb:26-5489","biometrie","NON"
"26-28105","2026-03-19","Syndicat Mixte du Lac d'Annecy","SILOE / Maintenance pour l'Unité de Valorisation de Biogaz","INITIAL","https://www.boamp.fr/pages/avis/?q=idweb:26-28105","biometrie","NON"
"26-28237","2026-03-19","STCLM","FOURNITURE ET ACHEMINEMENT DE GAZ NATUREL 2026","RECTIFICATIF","https://www.boamp.fr/pages/avis/?q=idweb:26-28237","biometrie","NON"
"26-6151","2026-01-20","VILLE de PARIS - DFA - SDA","Accord-cadre à marché subséquent pour la fourniture et acheminement de gaz naturel, aux points de livraison et d’estimation du groupement de commandes de la collectivité parisienne et services associé","RECTIFICATIF","https://www.boamp.fr/pages/avis/?q=idweb:26-6151","biometrie","NON"
"26-13787","2026-02-10","Syctom, l'agence métropolitaine des déchets ménagers","Mission d'assistance à la maitrise d'ouvrage sur le plan juridique_4lots","INITIAL","https://www.boamp.fr/pages/avis/?q=idweb:26-13787","biometrie","NON"
"26-34759","2026-04-03","Carif-Oref de Normandie","Déploiement d'un Système d'Intelligence Artificielle (SIA) d'accès aux données emploi-formation - projet IDA","INITIAL","https://www.boamp.fr/pages/avis/?q=idweb:26-34759","IA_education|IA_tout","NON"
"26-8508","2026-01-27","OPCO ATLAS","Actions de formation dans le cadre de campusAtlas « Cybersécurité Intelligence Artificielle""","INITIAL","https://www.boamp.fr/pages/avis/?q=idweb:26-8508","IA_education|IA_justice|IA_tout","NON"
"26-7010","2026-01-22","CA DE BETHUNE BRUAY ARTOIS LYS ROMANE","Fourniture d'un outil d'optimisation de la performance des réseaux d'eau potable à l'aide de l'intelligence artificielle","INITIAL","https://www.boamp.fr/pages/avis/?q=idweb:26-7010","IA_education|IA_recrutement|IA_justice|IA_tout","NON"
"26-18303","2026-02-20","OPPIC","Assistance et conseil pour l’intégration de solutions d’intelligence artificielle à l’Oppic.","RECTIFICATIF","https://www.boamp.fr/pages/avis/?q=idweb:26-18303","IA_education|IA_tout","NON"
"26-8236","2026-01-23","OPPIC","Assistance et conseil pour l’intégration de solutions d’intelligence artificielle à l’Oppic","INITIAL","https://www.boamp.fr/pages/avis/?q=idweb:26-8236","IA_education|IA_justice|IA_tout","NON"
"26-35076","2026-04-07","MIA - Syndicat Mixte de la Maison de l'Intelligence Artificielle (06)","PRESTATIONS DE « FACILITY MANAGEMENT » ET DE LOGISTIQUE ÉVÈNEMENTIELLE POUR LES BESOINS DU S2MIA (2 LOTS)","INITIAL","https://www.boamp.fr/pages/avis/?q=idweb:26-35076","IA_education|IA_assurance|IA_police|IA_justice|IA_tout","NON"
"26-13113","2026-02-08","Metropole Toulon-Provence-Mediterranee","25FOUR11 - FOURNITURE ET INSTALLATION DE DISPOSITIFS D'INTELLIGENCE ARTIFICIELLE POUR LA DETECTION VISUELLE DE TRI POUR LES BESOINS DES REGIES DE LA METROPOLE TPM","INITIAL","https://www.boamp.fr/pages/avis/?q=idweb:26-13113","IA_education|IA_recrutement|IA_assurance|IA_justice|IA_tout","NON"
"26-25713","2026-03-12","Neoma Bs Reims","Solutions logicielles pour l'analyse automatisée de dossiers de candidature et la gestion des entretiens assistée par l'Ia et les tests de langues en ligne","INITIAL","https://www.boamp.fr/pages/avis/?q=idweb:26-25713","IA_education|IA_tout","NON"
"26-11800","2026-02-03","Conseil Savoie Mont Blanc","Services de formation thématique pour les équipes des bibliothèques de Savoie et de la Haute-Savoie","INITIAL","https://www.boamp.fr/pages/avis/?q=idweb:26-11800","IA_education|IA_tout","NON"
"26-1602","2026-01-09","Région Grand Est","Professionnalisation des acteurs de l'orientation, de la formation et de l'insertion - année 2026","INITIAL","https://www.boamp.fr/pages/avis/?q=idweb:26-1602","IA_education|IA_recrutement|IA_tout","NON"
"26-23216","2026-03-06","CMAR Normandie","Prestation d'animation d'actions de formations continues courtes transverses et qualifiantes, dispensées en présentiel et/ou en distanciel synchrone pour les clients de la CMA Normandie.","INITIAL","https://www.boamp.fr/pages/avis/?q=idweb:26-23216","IA_education|IA_tout","NON"
"26-6524","2026-01-20","Département de la Loire","Assistance à maîtrise d'ouvrage pour l'élaboration du Sdtan.Ia","INITIAL","https://www.boamp.fr/pages/avis/?q=idweb:26-6524","IA_education|IA_tout","NON"
"26-17105","2026-02-19","UNIVERSITE TOULOUSE II - JEAN JAURES","Formation du personne","INITIAL","https://www.boamp.fr/pages/avis/?q=idweb:26-17105","IA_education|IA_recrutement|IA_sante|IA_justice|IA_tout","NON"
"26-5240","2026-01-17","GCS UTIL","Fourniture, livraison, installation et mise en service d'un train complet de repassage grand plat sans recherche de coins et capable de séparer les articles blancs des articles couleur","INITIAL","https://www.boamp.fr/pages/avis/?q=idweb:26-5240","IA_education|IA_tout","NON"
"26-39224","2026-04-19","CCI ROUEN METROPOLE","Projet INNOP'IA - Phase 2 - Missions d'assistance","INITIAL","https://www.boamp.fr/pages/avis/?q=idweb:26-39224","IA_education|IA_recrutement|IA_justice|IA_tout","NON"
"26-1971","2026-01-09","Groupement de Sûreté Résidentielle Interbailleurs  Montpellier Méditerranée Métropole","ACHAT DE PRESTATIONS DE FORMATIONS POUR LE GSRI - 13 LOTS","INITIAL","https://www.boamp.fr/pages/avis/?q=idweb:26-1971","IA_education|IA_recrutement|IA_tout","NON"
"26-10963","2026-02-01","Groupement de Sûreté Résidentielle Interbailleurs  Montpellier Méditerranée Métropole","ACHAT DE PRESTATIONS DE FORMATIONS POUR LE GSRI - 13 LOTS","RECTIFICATIF","https://www.boamp.fr/pages/avis/?q=idweb:26-10963","IA_education|IA_recrutement|IA_tout","NON"
"26-25654","2026-03-13","EPSM Lille Métropole","Prestation de formation à destination du personnel du Groupement Hospitalier Territorial de Psychiatrie  du Nord Pas de Calais","INITIAL","https://www.boamp.fr/pages/avis/?q=idweb:26-25654","IA_education|IA_sante|IA_tout","NON"
"26-20872","2026-03-01","Uniformation","Catalogue de formation métiers pour les structures de la branche ÉCLAT","INITIAL","https://www.boamp.fr/pages/avis/?q=idweb:26-20872","IA_education|IA_sante|IA_justice|IA_tout","NON"
"26-28090","2026-03-19","Uniformation","Catalogue de formation métiers pour les structures de la branche ÉCLAT","RECTIFICATIF","https://www.boamp.fr/pages/avis/?q=idweb:26-28090","IA_education|IA_sante|IA_justice|IA_tout","NON"
"26-3062","2026-01-13","Département de l&#039;Oise","REFONTE INTRANET COHESION  CONCEPTION ET MISE EN OEUVRE D’UNE NOUVELLE SOLUTION POUR LA REFONTE DE L’INTRANET DU DEPARTEMENT DE L’OISE","INITIAL","https://www.boamp.fr/pages/avis/?q=idweb:26-3062","IA_education|IA_recrutement|IA_justice|IA_tout","NON"
"26-38879","2026-04-17","Département des Alpes-Maritimes - Direction Développement des Solidarités Humaines","2026A0038 - Fourniture, mise en place et exploitation du dispositif de téléassistance avancée et de services de sécurisation des logements et de suivi à distance des bénéficiaires de l'APA","INITIAL","https://www.boamp.fr/pages/avis/?q=idweb:26-38879","IA_education|IA_justice|IA_tout","NON"
"26-15334","2026-02-14","CONSEIL DEPARTEMENTAL DU CALVADOS (CD 14)","Conception, impression et distribution du magazine d'information du Département du Calvados","INITIAL","https://www.boamp.fr/pages/avis/?q=idweb:26-15334","IA_education|IA_recrutement|IA_justice|IA_tout","NON"
"26-13380","2026-02-08","CDC Informatique","PRESTATIONS INTELLECTUELLES D'ASSISTANCE A MAITRISE D'UVRE D'INGENIERIE LOGICIELLE","INITIAL","https://www.boamp.fr/pages/avis/?q=idweb:26-13380","IA_education|IA_recrutement|IA_justice|IA_tout","NON"
"26-18351","2026-02-22","CDC Informatique","PRESTATIONS INTELLECTUELLES D'ASSISTANCE A MAITRISE D'UVRE D'INGENIERIE LOGICIELLE","INITIAL","https://www.boamp.fr/pages/avis/?q=idweb:26-18351","IA_education|IA_recrutement|IA_justice|IA_tout","NON"
"26-2851","2026-01-11","Région Occitanie","PARCOURS QUALIFIANTS 2027","INITIAL","https://www.boamp.fr/pages/avis/?q=idweb:26-2851","IA_education|IA_sante|video|IA_tout","NON"
"26-6439","2026-01-21","Institut Polytechnique UniLaSalle","EQUIPEMENTS SPECIFIQUES IRM, MATERIELS POUR LE POLE D'ANESTHESIE, TENUES POUR BLOC OPERATOIRE ET ARMOIRE A PHARMACIE CONNECTEE POUR L'HOPITAL VETERINAIRE UNILASALLE: FOURNITURE ET INSTALLATION","INITIAL","https://www.boamp.fr/pages/avis/?q=idweb:26-6439","IA_education|IA_recrutement|IA_sante|IA_tout","NON"
"26-36928","2026-04-12","Institut Polytechnique UniLaSalle","EQUIPEMENTS SPECIFIQUES IRM, MATERIELS POUR LE POLE D'ANESTHESIE, TENUES POUR BLOC OPERATOIRE ET ARMOIRE A PHARMACIE CONNECTEE POUR L'HOPITAL VETERINAIRE UNILASALLE: FOURNITURE ET INSTALLATION","INITIAL","https://www.boamp.fr/pages/avis/?q=idweb:26-36928","IA_education|IA_recrutement|IA_sante|IA_tout","NON"
"26-22863","2026-03-06","CHU Rouen Normandie","Fourniture de dispositifs médicaux pour endoscopie pulmonaire et digestive pour le CHU Rouen Normandie","INITIAL","https://www.boamp.fr/pages/avis/?q=idweb:26-22863","IA_education|IA_sante|IA_justice|IA_tout","NON"
"26-28527","2026-03-20","Région Île-de-France","DSP relative à la conception, la construction, l’entretien-maintenance et l’exploitation du Tiers-Lieu dédié à l’intelligence artificielle et à l’innovation du Campus de l’Intelligence artificielle de","INITIAL","https://www.boamp.fr/pages/avis/?q=idweb:26-28527","IA_recrutement|IA_tout","NON"
"26-17037","2026-02-19","GIE ES - GIE EXPERTISE ET SUPPORT - CDC HABITAT","ACCOMPAGNEMENT POUR LE DEPLOIEMENT DE PROJETS ET D'ACTIONS D'INNOVATION OU DE RECOURS A L'INTELLIGENCE ARTIFICIELLE (IA)","INITIAL","https://www.boamp.fr/pages/avis/?q=idweb:26-17037","IA_recrutement|IA_tout","NON"
"26-36169","2026-04-10","Agence régionale du numérique et de l&#039;intelligence artificielle","Mise en place et exploitation d’un profil acheteur régional et des modules associés - phase offre définitive","INITIAL","https://www.boamp.fr/pages/avis/?q=idweb:26-36169","IA_recrutement|IA_tout","NON"
"26-36237","2026-04-11","Agence régionale du numérique et de l&#039;intelligence artificielle","Tierce de maintenance applicative des solutions libres de dématérialisation des flux","INITIAL","https://www.boamp.fr/pages/avis/?q=idweb:26-36237","IA_recrutement|IA_justice|IA_tout","NON"
"26-27033","2026-03-17","Département des Alpes-Maritimes - Secrétariat Général","2025A0295 - Réalisation d’études quantitatives et/ou qualitatives d’opinion pour le Département des Alpes-Maritimes","INITIAL","https://www.boamp.fr/pages/avis/?q=idweb:26-27033","IA_recrutement|IA_justice|IA_tout","NON"
"25-143306","2026-01-02","Hauts-de-Seine Habitat - OPH","MARCHE DE CONSEIL, D'ASSISTANCE JURIDIQUE et de REPRESENTATION EN JUSTICE (9 lots)","INITIAL","https://www.boamp.fr/pages/avis/?q=idweb:25-143306","IA_recrutement|IA_assurance|IA_justice|IA_tout","NON"
"26-5812","2026-01-18","HOPITAUX DE PROVENCE","2024-0903 - FOURNITURE DE DISPOSITIFS MEDICAUX STERILES A USAGE UNIQUE : FAMILLES VASCULAIRE, CARDIOLOGIE INTERVENTIONNELLE, RADIOLOGIE, RADIOLOGIE INTERVENTIONNELLE ET ELECTROPHYSIOLOGIE - CAV25 (202","INITIAL","https://www.boamp.fr/pages/avis/?q=idweb:26-5812","scoring","NON"
"26-25280","2026-03-13","CHU REIMS","A.O N° 012-A-1 - Fourniture de dispositifs médicaux de cardiologie et neurologie interventionnelles et circuits de CEC","INITIAL","https://www.boamp.fr/pages/avis/?q=idweb:26-25280","scoring","NON"
"26-10682","2026-02-01","CHU BORDEAUX","Hémodynamique adulte et pédiatrie et prothèses congénitales au profit du CHU de Bordeaux et du GCS Nouvelle-Aquitaine","INITIAL","https://www.boamp.fr/pages/avis/?q=idweb:26-10682","scoring","NON"
"26-2619","2026-01-11","SMMAG","Système d'information ""M"" : prestations d'assistance et de maintenance adaptative, corrective et évolutive","INITIAL","https://www.boamp.fr/pages/avis/?q=idweb:26-2619","scoring","NON"
"26-16319","2026-02-17","CHU REIMS","A.O N° 012-A-1 - Fourniture de dispositifs médicaux de cardiologie et neurologie interventionnelles et circuits de CEC","INITIAL","https://www.boamp.fr/pages/avis/?q=idweb:26-16319","scoring","NON"
"26-35257","2026-04-09","CHU REIMS","A.O N° 012-A-1 - Fourniture de dispositifs médicaux de cardiologie et neurologie interventionnelles et circuits de CEC","INITIAL","https://www.boamp.fr/pages/avis/?q=idweb:26-35257","scoring","NON"
"26-27871","2026-03-19","VILLE DE NICE","25V0758-Missions de contrôle technique dans les bâtiments et équipements communaux et métropolitains","INITIAL","https://www.boamp.fr/pages/avis/?q=idweb:26-27871","scoring","NON"
"26-34168","2026-04-04","CHU de Nantes","avis d'attribution","INITIAL","https://www.boamp.fr/pages/avis/?q=idweb:26-34168","scoring","NON"
"26-30147","2026-03-25","UNIVERSITE DE CAEN NORMANDIE","Caractérisation de l’hydrodynamique de surface du raz Blanchard par télédétection radar","INITIAL","https://www.boamp.fr/pages/avis/?q=idweb:26-30147","scoring","NON"
"26-14896","2026-02-13","OPCO SANTE","ETUDES SUR L'INTELLIGENCE ARTIFICIELLE DANS LE SECTEUR PRIVE DE LA SANTE, DU SOCIAL  ET DU MEDICO-SOCIAL","INITIAL","https://www.boamp.fr/pages/avis/?q=idweb:26-14896","IA_sante|IA_tout","NON"
"26-5170","2026-01-17","Université Sorbonne Paris Nord","Le présent marché a pour objet la fourniture d’équipements de Vidéosurveillance, Vidéoprotection et Alarmes Anti-Intrusion et prestations associées","INITIAL","https://www.boamp.fr/pages/avis/?q=idweb:26-5170","video","NON"
"26-11273","2026-02-03","Metz Métropole","CREATION, EVOLUTION ET MAINTENANCE DES SYSTEMES DE VIDEOPROTECTION ET DE VIDEOSURVEILLANCE DE METZ METROPOLE ET DE SES COMMUNES MEMBRES","INITIAL","https://www.boamp.fr/pages/avis/?q=idweb:26-11273","video","NON"
"26-40187","2026-04-22","Régie Transports de Martinique (972)","Accord-cadre à bons de commande portant sur la modernisation, l’extension et la maintenance des dispositifs de vidéoprotection / vidéosurveillance","INITIAL","https://www.boamp.fr/pages/avis/?q=idweb:26-40187","video","NON"
"26-40028","2026-04-22","CANUT","FOURNITURE, INSTALLATION, MAINTENANCE ET PRESTATIONS DE CONSEIL AUTOUR DES SYSTEMES DE VIDEOPROTECTION ET VIDEOSURVEILLANCE URBAINE","RECTIFICATIF","https://www.boamp.fr/pages/avis/?q=idweb:26-40028","video","NON"
"26-34306","2026-04-04","Centrale d'achat d'amiens metropole","SECONDE CONSULTATION - RELANCE DU LOT 29 : MAINTENANCE, EXTENSION ET MODERNISATION DES SYSTEMES DE SURETE, DE VIDEOPROTECTION ET DE VIDEOSURVEILLANCE - PRESTATIONS DE MAINTENANCES, CONTROLES REGL","INITIAL","https://www.boamp.fr/pages/avis/?q=idweb:26-34306","video","NON"
"26-28454","2026-03-20","Régie Transports de Martinique (972)","Accord-cadre à bons de commande portant sur la modernisation, l’extension et la maintenance des dispositifs de vidéoprotection / vidéosurveillance","INITIAL","https://www.boamp.fr/pages/avis/?q=idweb:26-28454","video","NON"
"26-23368","2026-03-08","CANUT","FOURNITURE, INSTALLATION, MAINTENANCE ET PRESTATIONS DE CONSEIL AUTOUR DES SYSTEMES DE VIDEOPROTECTION ET VIDEOSURVEILLANCE URBAINE","INITIAL","https://www.boamp.fr/pages/avis/?q=idweb:26-23368","video","NON"
"26-36301","2026-04-09","Ville de Châlette-sur-Loing","Travaux Et Mise En oeuvre D'Un Dispositif De Vidéoprotection","INITIAL","https://www.boamp.fr/pages/avis/?q=idweb:26-36301","video","NON"
"26-4215","2026-01-14","Ville de Caudry","Travaux d'installation de dispositifs de vidéoprotection.","INITIAL","https://www.boamp.fr/pages/avis/?q=idweb:26-4215","video","NON"
"26-4962","2026-01-16","Ville de Bagnères en Bigorre","FOURNITURE, MISE EN OEUVRE ET MAINTENANCE D'UN DISPOSITIF DE VIDÉOPROTECTION URBAINE ET DU RÉSEAU D'INTERCONNEXION","INITIAL","https://www.boamp.fr/pages/avis/?q=idweb:26-4962","video","NON"
"26-6243","2026-01-19","Mairie de Juvignac","Extension et maintenance du système de vidéoprotection urbaine","INITIAL","https://www.boamp.fr/pages/avis/?q=idweb:26-6243","video","NON"
"26-2314","2026-01-10","Communauté d'Agglomération Riom Limagne et Volcans","Amélioration, extension et maintenance du parc de vidéoprotection sur la commune de Châtel-Guyon","INITIAL","https://www.boamp.fr/pages/avis/?q=idweb:26-2314","video","NON"
"26-10884","2026-01-30","Mairie de Villeneuve-Sur-Lot","Extension Et Maintenance Du Dispositif De Videoprotection De La Commune","INITIAL","https://www.boamp.fr/pages/avis/?q=idweb:26-10884","video","NON"
"26-10484","2026-02-01","Ville de Gex","Extension et maintenance du dispositif de vidéoprotection de la Commune de Gex","INITIAL","https://www.boamp.fr/pages/avis/?q=idweb:26-10484","video","NON"
"26-7186","2026-01-22","RTM - Régie des Transports Métropolitains","FOURNITURE D'UN SYSTEME VIDEOPROTECTION TEMPS REEL POUR LE MATERIEL ROULANT DE TYPE TRAMWAY BOMBARDIER DE LA REGIE DES TRANSPORTS METROPOLITAINS ET PRESTATIONS ASSOCIEES","INITIAL","https://www.boamp.fr/pages/avis/?q=idweb:26-7186","video","NON"
"26-17236","2026-02-19","Ville de Saint-Paul","Alarmes anti-intrusions, systèmes de vidéoprotection et télésurveillance des établissements communaux de Saint Paul","INITIAL","https://www.boamp.fr/pages/avis/?q=idweb:26-17236","video","NON"
"26-27697","2026-03-18","CHU BORDEAUX","La maintenance préventive, corrective et les travaux d’extension du système de vidéoprotection au profit du GHT Alliance Gironde","INITIAL","https://www.boamp.fr/pages/avis/?q=idweb:26-27697","video","NON"
"26-39179","2026-04-17","Mairie de Suresnes","Travaux d’extension, de rénovation et de maintenance des systèmes de détection intrusion, contrôle d’accès et de vidéoprotection","INITIAL","https://www.boamp.fr/pages/avis/?q=idweb:26-39179","video","NON"
"26-28432","2026-03-20","COMMUNE DE MULHOUSE","Maintenance et extension du système de vidéoprotection de la Ville de Mulhouse.","INITIAL","https://www.boamp.fr/pages/avis/?q=idweb:26-28432","video","NON"
"26-37526","2026-04-15","Versailles Grand Parc","Travaux d'évolution et maintenance du dispositif de vidéoprotection de voie publique, du réseau de fibres optiques et des applicatifs IP relatifs à la gestion centralisée du territoire et du patrimoin","INITIAL","https://www.boamp.fr/pages/avis/?q=idweb:26-37526","video","NON"
"26-31685","2026-03-28","Université Paris-Saclay","Marché de maintenance et de déploiement des équipements de vidéoprotection de l'Université Paris-Saclay","INITIAL","https://www.boamp.fr/pages/avis/?q=idweb:26-31685","video","NON"
"26-35574","2026-04-08","Ville de Villeurbanne","Extension du système de videoprotection de la ville de Villeurbanne","INITIAL","https://www.boamp.fr/pages/avis/?q=idweb:26-35574","video","NON"
"26-749","2026-01-06","Commune de Saint-Dizier","Assistant à Maitrise d’Ouvrage sur la mise en place  et la consolidation du maillage de dispositifs de  vidéoprotection entre la commune de Saint-Dizier et  l’OPH de Saint-Dizier-.","INITIAL","https://www.boamp.fr/pages/avis/?q=idweb:26-749","video","NON"
"25-143284","2026-01-02","Commune de Saint-Dizier","Maintenance et installation de dispositifs de vidéoprotection-.","INITIAL","https://www.boamp.fr/pages/avis/?q=idweb:25-143284","video","NON"
"26-17039","2026-02-17","Mairie de Colombes","Travaux De Refonte, D'Extensions Et De Maintenance Du Dispositif De Vidéoprotection Urbaine","RECTIFICATIF","https://www.boamp.fr/pages/avis/?q=idweb:26-17039","video","NON"
"26-12413","2026-02-06","Mairie d'Agen","FOURNITURE,MISE EN SERVICE, MAINTENANCE DE LA VIDEOPROTECTION, DU CONTRÔLE D'ACCES ET DU RESEAU D'INTERCONNEXION SUR LA VILLE D'AGEN","INITIAL","https://www.boamp.fr/pages/avis/?q=idweb:26-12413","video","NON"
"26-20429","2026-03-01","Ville d'Andrézieux-Bouthéon","MAINTENANCE ET EXTENSION DU SYSTEME DE VIDEOPROTECTION","INITIAL","https://www.boamp.fr/pages/avis/?q=idweb:26-20429","video","NON"
"26-38500","2026-04-15","Mairie de Biot","Maintenance du système de vidéoprotection de la commune de Biot","INITIAL","https://www.boamp.fr/pages/avis/?q=idweb:26-38500","video","NON"
"26-36188","2026-04-09","COMMUNE DE VICHY","Fourniture et mise en place d’un réseau de cuivre et de fibre optique - Travaux de déploiement de l’infrastructure de Vidéoprotection","INITIAL","https://www.boamp.fr/pages/avis/?q=idweb:26-36188","video","NON"
"26-30506","2026-03-26","Commune de Cayenne","MODERNISATION ET EXTENSION DU DISPOSITIF DE VIDEOPROTECTION COMMUNAL","RECTIFICATIF","https://www.boamp.fr/pages/avis/?q=idweb:26-30506","video","NON"
"26-31607","2026-03-26","CAISSE D'ALLOCATIONS FAMILIALES DE PARIS","Fourniture de matériels et maintenance du système de vidéoprotection des sites de la Caf de Paris","INITIAL","https://www.boamp.fr/pages/avis/?q=idweb:26-31607","video","NON"
"26-27063","2026-03-17","CHU ROUEN NORMANDIE","Modernisation des systèmes de vidéoprotection existantes du CH DURECU-LAVOISIER de Darnétal","INITIAL","https://www.boamp.fr/pages/avis/?q=idweb:26-27063","video","NON"
"26-42140","2026-04-26","EPPDCSI - UNIVERSCIENCE Etablissement public à caractère industriel et commercial créé par décret interministériel du 3 décembre 2009","Prestations d'exploitations des installations de vidéoprotection et des systèmes anti-intrusion de l'EPPDCSI","INITIAL","https://www.boamp.fr/pages/avis/?q=idweb:26-42140","video","NON"
"26-1742","2026-01-07","Ville de Villefranche-sur-Saône","Déploiement, extension et maintien en condition opérationnelle du réseau fibre optique multi-services, des dispositifs de vidéoprotection et des applications associées","INITIAL","https://www.boamp.fr/pages/avis/?q=idweb:26-1742","video","NON"
"26-13375","2026-02-06","Commune de Cestas","Consultation pour l'établissement d'un accord-cadre de travaux d’extension du système de vidéoprotection sur la commune de Cestas 2026-2030","INITIAL","https://www.boamp.fr/pages/avis/?q=idweb:26-13375","video","NON"
"26-13100","2026-02-08","Conseil départemental Loire Atlantique","MISE EN PLACE DE DISPOSITIFS DE PROTECTION, DE DÉTECTION DES INTRUSIONS ET VIDÉOPROTECTION AINSI QUE DE GARDIENNAGE SUR LE PATRIMOINE DÉPARTEMENTAL VACANT","INITIAL","https://www.boamp.fr/pages/avis/?q=idweb:26-13100","video","NON"
"26-30754","2026-03-25","Département de la Seine-Saint-Denis","Travaux d'installation, de mise en service et de maintenance des systèmes de contrôle d'accès, de vidéoprotection et de portails motorisés dans les propriétés départementales","INITIAL","https://www.boamp.fr/pages/avis/?q=idweb:26-30754","video","NON"
"26-37580","2026-04-15","Grand port maritime de Martinique","Externalisation de l'exploitation du poste de commandement vidéoprotection - astreintes et heures non ouvrées pour le GPMLM","INITIAL","https://www.boamp.fr/pages/avis/?q=idweb:26-37580","video","NON"
"26-23760","2026-03-10","Ville de Saint-Paul","Alarmes anti-intrusions, systèmes de vidéoprotection et télésurveillance des établissements communaux de Saint Paul","RECTIFICATIF","https://www.boamp.fr/pages/avis/?q=idweb:26-23760","video","NON"
"26-27647","2026-03-18","Ville de Toulon","Appel d'offres en vue de l'extension du réseau de vidéoprotection et d'interconnexion en 2 lots","INITIAL","https://www.boamp.fr/pages/avis/?q=idweb:26-27647","video","NON"
"26-37666","2026-04-14","Mairie de Clermont","EXTENSION ET MAINTENANCE DU SYSTEME DE VIDEOPROTECTION DE LA VILLE DE CLERMONT","INITIAL","https://www.boamp.fr/pages/avis/?q=idweb:26-37666","video","NON"
"26-28334","2026-03-19","Commune de Gagny","Maintenance & Extension  vidéoprotection - Ville de Gagny","INITIAL","https://www.boamp.fr/pages/avis/?q=idweb:26-28334","video","NON"
"26-1233","2026-01-06","Mairie du Perreux sur Marne","Assistance à maîtrise d'ouvrage (AMO) en vidéoprotection et sûreté numérique, années 2026-2027 (2 ans)","INITIAL","https://www.boamp.fr/pages/avis/?q=idweb:26-1233","video","NON"
"26-2857","2026-01-09","Commune De Prevessin-Moens","Extension, Modernisation Et Maintenance Du Dispositif De Videoprotection De La Commune De Prevessin-Moëns : -	Les travaux de génie civil pour la réalisation de tranchées, le","INITIAL","https://www.boamp.fr/pages/avis/?q=idweb:26-2857","video","NON"
"26-3254","2026-01-13","Mairie du Bourget","Relance - Accord-cadre pour la modernisation, l'extension et la maintenance du système de sûreté et de vidéoprotection urbaine - ville du Bourget","INITIAL","https://www.boamp.fr/pages/avis/?q=idweb:26-3254","video","NON"
"26-3717","2026-01-14","Ville de Cahors","INSTALLATION, FOURNITURE, MISE EN SERVICE ET MAINTENANCE POUR UN RESEAU VIDEOPROTECTION- RELANCE","INITIAL","https://www.boamp.fr/pages/avis/?q=idweb:26-3717","video","NON"
"26-6248","2026-01-19","Mairie Chambly","Travaux d'extension et de maintenance du dispositif de vidéoprotection de la ville de Chambly","INITIAL","https://www.boamp.fr/pages/avis/?q=idweb:26-6248","video","NON"
"26-14263","2026-02-10","Institution de Gestion Sociale des Armées - Igesa","Prestations de vidéoprotection et de gardiennage vidéo pour la caserne Saint-Joseph de l'Igesa","INITIAL","https://www.boamp.fr/pages/avis/?q=idweb:26-14263","video","NON"
"26-13676","2026-02-09","Commune de Montelier","Mise En Place D Un Dispositif De Videoprotection","INITIAL","https://www.boamp.fr/pages/avis/?q=idweb:26-13676","video","NON"
"26-25352","2026-03-13","Société d'Exploitation des Ports du Détroit","Contrat de maintenance sûreté, vidéoprotection et contrôle d'accès et évolutions","INITIAL","https://www.boamp.fr/pages/avis/?q=idweb:26-25352","video","NON"
"26-23268","2026-03-08","COMMUNE DE BIARRITZ","Accord-cadre à bons de commande pour l’extension, évolution et maintenance du dispositif de vidéoprotection urbaine","INITIAL","https://www.boamp.fr/pages/avis/?q=idweb:26-23268","video","NON"
"26-37174","2026-04-13","MAIRIE DE FAY-LES-NEMOURS
30 RUE GRANDE
77167 FAY-LES-NEMOURS","CREATION ET MAINTENANCE D'UN DISPOSITIF DE VIDEOPROTECTION","INITIAL","https://www.boamp.fr/pages/avis/?q=idweb:26-37174","video","NON"
"26-33897","2026-04-03","Mairie de Panazol","Entretien, exploitation et renouvellement des installations d'éclairage public et vidéoprotection","INITIAL","https://www.boamp.fr/pages/avis/?q=idweb:26-33897","video","NON"
"26-31955","2026-03-29","CANSSM / FILIERIS","Maintenance des dispositifs de vidéoprotection et des contrôles d'accès des sites et établissements de la direction régionale de l'EST de FILIERIS","INITIAL","https://www.boamp.fr/pages/avis/?q=idweb:26-31955","video","NON"
"26-6609","2026-01-21","Ville de Saint-Paul","Accord-cadre à bons de commande portant sur la maintenance ainsi que sur l'extension du dispositif de vidéoprotection","INITIAL","https://www.boamp.fr/pages/avis/?q=idweb:26-6609","video","NON"
"26-13350","2026-02-06","Commune de Decize","Création d’un système de vidéoprotection","INITIAL","https://www.boamp.fr/pages/avis/?q=idweb:26-13350","video","NON"
"26-16826","2026-02-18","Ville de Thionville","Extension de la vidéoprotection, développement du réseau fibre optique, dépannage et maintenance du parc existant","INITIAL","https://www.boamp.fr/pages/avis/?q=idweb:26-16826","video","NON"
"26-8488","2026-01-25","COMMUNE DE KOUROU","Réalisation d'un système de vidéoprotection urbaine sur le territoire de la commune de Kourou","INITIAL","https://www.boamp.fr/pages/avis/?q=idweb:26-8488","video","NON"
"26-8251","2026-01-23","Mairie de Gémenos","Maintenance et Modernisation du réseau de vidéoprotection","INITIAL","https://www.boamp.fr/pages/avis/?q=idweb:26-8251","video","NON"
"26-29759","2026-03-24","ETABLISSEMENT FRANCAIS DU SANG HAUTS-DE-FRANCE - NORMANDIE","FOURNITURE, INSTALLATION D’UN SYSTEME DE VIDEOPROTECTION ET PRESTATIONS ASSOCIEES","INITIAL","https://www.boamp.fr/pages/avis/?q=idweb:26-29759","video","NON"
"26-26580","2026-03-15","Commune de Cayenne","MODERNISATION ET EXTENSION DU DISPOSITIF DE VIDEOPROTECTION COMMUNAL","INITIAL","https://www.boamp.fr/pages/avis/?q=idweb:26-26580","video","NON"
"26-30912","2026-03-26","Ville de Sainte-Rose","FOURNITURE, INSTALLATION, MISE EN SERVICE ET MAINTENANCE  D’UN DISPOSITIF DE VIDEOPROTECTION  DES ESPACES PUBLICS DE LA VILLE DE SAINTE-ROSE (Guadeloupe)","INITIAL","https://www.boamp.fr/pages/avis/?q=idweb:26-30912","video","NON"
"26-31031","2026-03-27","Centre Hospitalier de Carcassonne","MAINTENANCE DES SYSTEMES DE SECURITE INCENDIE, DESENFUMAGE, CONTROLE D'ACCES, ANTI-INTRUSION, VIDEOPROTECTION ET DES MOYENS DE LUTTE CONTRE L'INCENDIE","INITIAL","https://www.boamp.fr/pages/avis/?q=idweb:26-31031","video","NON"
"26-37874","2026-04-14","SDIS (85)","Maintenance de la centrale d'alarme, du contrôle d'accès et de la vidéoprotection de la Direction du SDIS de la Vendée","INITIAL","https://www.boamp.fr/pages/avis/?q=idweb:26-37874","video","NON"
"26-41255","2026-04-24","Ville de Gex","Extension et maintenance du dispositif de vidéoprotection de la Commune de Gex","INITIAL","https://www.boamp.fr/pages/avis/?q=idweb:26-41255","video","NON"
"26-42281","2026-04-28","SICTIAM (06)","AVIS D'ATTRIBUTION - FOURNITURE, MISE EN ŒUVRE ET MAINTIEN EN CONDITION OPÉRATIONNELLE DE MATÉRIELS ET LOGICIELS DE SYSTÈMES DE VIDÉOPROTECTION","INITIAL","https://www.boamp.fr/pages/avis/?q=idweb:26-42281","video","NON"
"26-6214","2026-01-19","Mairie d&#039;Aiguillon","Fourniture, installation et maintenance du système de vidéoprotection de la ville d'Aiguillon","INITIAL","https://www.boamp.fr/pages/avis/?q=idweb:26-6214","video","NON"
"26-1865","2026-01-08","Mairie de Persan","Travaux de refonte, d'extensions et de maintenance du dispositif de vidéoprotection urbain","INITIAL","https://www.boamp.fr/pages/avis/?q=idweb:26-1865","video","NON"
"25-143343","2026-01-02","Ville de Rouen","Maintenance de la vidéoprotection urbaine pour la Ville de Rouen","INITIAL","https://www.boamp.fr/pages/avis/?q=idweb:25-143343","video","NON"
"26-2295","2026-01-08","Ville de Surgères","Travaux de modernisation d'un dispositif de vidéoprotection","INITIAL","https://www.boamp.fr/pages/avis/?q=idweb:26-2295","video","NON"
"26-34490","2026-04-05","Ville de Dieppe","ACCORD-CADRE A BONS DE COMMANDE RELATIF AU DEPLOIEMENT ET A LA MAINTENANCE DU DISPOSITIF DE VIDEOPROTECTION SUR L'ESPACE PUBLIC DE LA VILLE DE DIEPPE DANS LE CADRE DU RENFORCEMENT DE LA SECURITE URBAI","INITIAL","https://www.boamp.fr/pages/avis/?q=idweb:26-34490","video","NON"
"26-34938","2026-04-06","PATRIMOINE-URBANISME-MARCHES PUBLICS","Maintenance du système de vidéoprotection de la Commune de Villers-Cotterêts-.","INITIAL","https://www.boamp.fr/pages/avis/?q=idweb:26-34938","video","NON"
"26-35297","2026-04-07","Ville de Caen","Entretien, maintenance et petite extension des équipements de vidéoprotection de la Ville de Caen","INITIAL","https://www.boamp.fr/pages/avis/?q=idweb:26-35297","video","NON"
"26-7811","2026-01-24","Mairie de Cannes","Maintenance et Installation des équipements de Vidéoprotection, d'alerte, de sécurité et du réseau de transmission numérique, Matériels et Logiciels des postes secondaires, des équipements de prise de","INITIAL","https://www.boamp.fr/pages/avis/?q=idweb:26-7811","video","NON"
"26-20044","2026-02-26","Commune Les Belleville","Extension et maintenance du dispositif de vidéoprotection sur la Commune des Belleville","INITIAL","https://www.boamp.fr/pages/avis/?q=idweb:26-20044","video","NON"
"26-17922","2026-02-21","Département de la Seine-Maritime","Maintenance de détection intrusion, contrôle d'accès, vidéoprotection et interphonie des différents sites du Département de la Seine-Maritime","INITIAL","https://www.boamp.fr/pages/avis/?q=idweb:26-17922","video","NON"
"26-29590","2026-03-23","Commune de Saint-Junien","Travaux de déploiement d’un dispositif de vidéoprotection sur la commune de Saint-Junien.","INITIAL","https://www.boamp.fr/pages/avis/?q=idweb:26-29590","video","NON"
"26-33227","2026-03-31","Ville de Portes lès Valence","Travaux d'extension de la vidéoprotection et de la maintenance sur la commune de Portes lès Valence (26800).","INITIAL","https://www.boamp.fr/pages/avis/?q=idweb:26-33227","video","NON"
"26-26534","2026-03-13","Saint-Quentin-en-Yvelines - Communauté d'agglomération","Maintenance, réparations et dépannages des systèmes d'alarmes intrusion et de videoprotection dans les bâtiments de Saint-Quentin-en-Yvelines","INITIAL","https://www.boamp.fr/pages/avis/?q=idweb:26-26534","video","NON"
"26-16165","2026-02-17","Mairie Joué-lès-Tours","Maintien en conditions opérationnelles et extension de l'infrastructure de videoprotection existante","INITIAL","https://www.boamp.fr/pages/avis/?q=idweb:26-16165","video","NON"
"26-16673","2026-02-17","Commune de Saint-Ouen-sur-Seine","Acquisition, extension, réaménagement et maintenance d'un dispositif de vidéoprotection et d'un réseau de fibres optiques sur la commune de Saint-Ouen-sur-Seine","INITIAL","https://www.boamp.fr/pages/avis/?q=idweb:26-16673","video","NON"
"26-21466","2026-03-04","HUS-Etablissement support du GHT 10","Prestations de sécurité au Centre de Supervision de la Vidéoprotection (CSV)","INITIAL","https://www.boamp.fr/pages/avis/?q=idweb:26-21466","video","NON"
"26-41026","2026-04-24","Ville de Falaise","Extension et maintenance d'un système de vidéoprotection sur la Ville de Falaise","INITIAL","https://www.boamp.fr/pages/avis/?q=idweb:26-41026","video","NON"
"26-1091","2026-01-06","Mairie de Yutz","Fourniture, installation, paramétrage, maintenance préventive et curative de matériel pour la vidéoprotection","INITIAL","https://www.boamp.fr/pages/avis/?q=idweb:26-1091","video","NON"
"26-1368","2026-01-07","Creusalis - Office Public de l'Habitat de la Creuse","Travaux pour la création et la maintenance du dispositif de vidéoprotection de l'Office Public de l'Habitat Creusalis","INITIAL","https://www.boamp.fr/pages/avis/?q=idweb:26-1368","video","NON"
"26-11156","2026-02-02","SODIPARC","ACQUISITION, INSTALLATION ET MAINTENANCE DE SYSTEMES DE VIDEOPROTECTION","INITIAL","https://www.boamp.fr/pages/avis/?q=idweb:26-11156","video","NON"
"26-25425","2026-03-13","Ville Liévin","Mise en place d'un marché de vidéoprotection urbaine","INITIAL","https://www.boamp.fr/pages/avis/?q=idweb:26-25425","video","NON"
"26-26488","2026-03-15","Mairie d'Annonay","Maintenance du dispositif de vidéoprotection","INITIAL","https://www.boamp.fr/pages/avis/?q=idweb:26-26488","video","NON"
"26-37771","2026-04-15","Ville de Saint-Priest","Prestations de dépannage des dispositifs de vidéoprotection","INITIAL","https://www.boamp.fr/pages/avis/?q=idweb:26-37771","video","NON"
"26-14106","2026-02-11","Ville d'ANNECY","Refonte de l'infrastructure de vidéoprotection","INITIAL","https://www.boamp.fr/pages/avis/?q=idweb:26-14106","video","NON"
"26-14228","2026-02-11","Centre Hospitalier de Valence - Etablissement support GHT DAV","INSTALLATION, FOURNITURE, MISE EN SERVICE ET MAINTENANCE POUR UN RESEAU DE VIDEOPROTECTION","INITIAL","https://www.boamp.fr/pages/avis/?q=idweb:26-14228","video","NON"
"26-32261","2026-03-27","Commune d'Eragny sur Oise","Maintenance du système de vidéoprotection de la  ville d'Eragny-sur-Oise","INITIAL","https://www.boamp.fr/pages/avis/?q=idweb:26-32261","video","NON"
"26-39525","2026-04-19","Ville de Dax","Extension du dispositif de vidéoprotection urbain de la ville de Dax – Matériel, logiciel et serveur","INITIAL","https://www.boamp.fr/pages/avis/?q=idweb:26-39525","video","NON"
"26-2545","2026-01-09","CHI EPSM DE L OISE","Marché de maintenance préventive, curative et extension(s) éventuelle(s) des systèmes de vidéoprotection du Centre Hospitalier Isarien","INITIAL","https://www.boamp.fr/pages/avis/?q=idweb:26-2545","video","NON"
"26-2864","2026-01-09","Mairie de Colombes","Travaux De Refonte, D'Extensions Et De Maintenance Du Dispositif De Vidéoprotection Urbaine","INITIAL","https://www.boamp.fr/pages/avis/?q=idweb:26-2864","video","NON"
"26-29899","2026-03-23","Mairie de Saint Mandrier sur Mer","MAINTENANCE DES SYSTEMES DE VIDEOPROTECTION","INITIAL","https://www.boamp.fr/pages/avis/?q=idweb:26-29899","video","NON"
"26-25014","2026-03-12","COMMUNE DE MOISSAC","Fourniture, installation, mise en service et maintenance pour un réseau de vidéoprotection","INITIAL","https://www.boamp.fr/pages/avis/?q=idweb:26-25014","video","NON"
"26-10260","2026-01-31","Aéroport de La Réunion Roland Garros (974)","Accord-cadre mono attributaire relatif au remplacement, à l’extension et à la maintenance du système de vidéoprotection de l’Aéroport La Réunion Roland GARROS","INITIAL","https://www.boamp.fr/pages/avis/?q=idweb:26-10260","video","NON"
"26-13762","2026-02-10","COMMUNE DE RUEIL-MALMAISON","Assistance à maitrise d'ouvrage relative à l'optimisation de la vidéoprotection","INITIAL","https://www.boamp.fr/pages/avis/?q=idweb:26-13762","video","NON"
"26-34275","2026-04-02","Ville de Rochefort","Maintenance du dispositif de vidéoprotection urbaine et des matériels afférents","INITIAL","https://www.boamp.fr/pages/avis/?q=idweb:26-34275","video","NON"
"26-35938","2026-04-09","Ville de Limonest","fourniture, installation et maintenance d'un système de vidéoprotection urbaine sur le territoire communal","INITIAL","https://www.boamp.fr/pages/avis/?q=idweb:26-35938","video","NON"
"26-33183","2026-03-31","Mairie de Cernay","Marché de vidéoprotection urbaine","INITIAL","https://www.boamp.fr/pages/avis/?q=idweb:26-33183","video","NON"
"26-42740","2026-04-28","SECRETARIAT GENERAL COMMUN DES LANDES","Rénovation du système de la vidéoprotection","INITIAL","https://www.boamp.fr/pages/avis/?q=idweb:26-42740","video","NON"
"26-35156","2026-04-07","Hus-Etablissement support du Ght 10","Installation de la vidéosurveillance sur le site du Centre Hospitalier de Saverne","INITIAL","https://www.boamp.fr/pages/avis/?q=idweb:26-35156","video","NON"
"26-40547","2026-04-23","Ville de Vénissieux","FOURNITURE, INSTALLATION, MISE EN SERVICE ET MAINTENANCE DU SYSTÈME DE VIDÉOPROTECTION","INITIAL","https://www.boamp.fr/pages/avis/?q=idweb:26-40547","video","NON"
"26-19390","2026-02-24","Ville de Précy-sur-Oise","Fourniture et installation maintenance d'un système de videoprotection","INITIAL","https://www.boamp.fr/pages/avis/?q=idweb:26-19390","video","NON"
"26-26148","2026-03-13","COVALDEM 11","Fourniture en location, installation et maintenance de systèmes de vidéosurveillance pour deux éco-centres et quatre centres de transferts du Covaldem11","INITIAL","https://www.boamp.fr/pages/avis/?q=idweb:26-26148","video","NON"
"26-9020","2026-01-28","DICOM ANTILLES","Prestation de contrôle des accès et de veille du systhème de vidéosurveillance du Camp La Jaille/Dugommier du Régiment du service militaire adapté (RSMA) à Baie-Mahaut en Guadeloupe","INITIAL","https://www.boamp.fr/pages/avis/?q=idweb:26-9020","video","NON"
"26-12057","2026-02-05","Régie des Eaux de Montpellier Méditerranée Métropole","Prestations de vidéosurveillance, télésurveillance, gardiennage et sûreté des sites de la Régie des eaux de Montpellier Méditerranée Métropole","INITIAL","https://www.boamp.fr/pages/avis/?q=idweb:26-12057","video","NON"
"26-14180","2026-02-10","CARSAT PAYS DE LOIRE","Le présent cahier des clauses particulières a pour objet la maintenance préventive, corrective et curative des installations de sûreté des locaux (système de contrôle d'accès, vidéosurveillance et...","INITIAL","https://www.boamp.fr/pages/avis/?q=idweb:26-14180","video","NON"
"26-25683","2026-03-13","Agglo Pays d'Issoire","Maintenance et extension des systèmes d'alarmes, de contrôle d'accès et de vidéosurveillances de l'Agglo Pays d'Issoire","INITIAL","https://www.boamp.fr/pages/avis/?q=idweb:26-25683","video","NON"
"26-32349","2026-03-30","Conseil Départemental de la Mayenne","Travaux d'installation d'un système de vidéo protection dans 21 collèges mayennais","INITIAL","https://www.boamp.fr/pages/avis/?q=idweb:26-32349","video","NON"
"26-24664","2026-03-12","Saint-Etienne Métropole","Prestation de maintenance préventive et corrective et de l'évolution de la vidéosurveillance au Stade Geoffroy-Guichard à Saint-Étienne","INITIAL","https://www.boamp.fr/pages/avis/?q=idweb:26-24664","video","NON"
"26-36762","2026-04-12","Crous Normandie","Le présent accord-cadre concerne la fourniture, la mise en oeuvre et la maintenance de la refonte et de l'extension des dispositifs de vidéosurveillance du Crous Normandie.","INITIAL","https://www.boamp.fr/pages/avis/?q=idweb:26-36762","video","NON"
"26-42105","2026-04-26","SIVED Nouvelle Génération (83)","FOURNITURE ET MAINTENANCE D'UN SYSTEME DE VIDEOSURVEILLANCE ET DE TELESURVEILLANCE SUR L'ISDND DE GINASSERVIS","INITIAL","https://www.boamp.fr/pages/avis/?q=idweb:26-42105","video","NON"
"26-12033","2026-02-04","PANTIN HABITAT","Prestations de maintenance corrective des systèmes de vidéosurveillance installés sur divers immeubles du patrimoine de Pantin Habitat","INITIAL","https://www.boamp.fr/pages/avis/?q=idweb:26-12033","video","NON"
"26-8533","2026-01-27","Département du Var","MAINTENANCE DES INSTALLATIONS D'ALARMES INCENDIE, INTRUSION ET VIDÉOSURVEILLANCE DANS LES BÂTIMENTS DU DÉPARTEMENT DU VAR - 4 LOTS GEOGRAPHIQUES","INITIAL","https://www.boamp.fr/pages/avis/?q=idweb:26-8533","video","NON"
"26-12530","2026-02-06","HOPITAL NORD OUEST - VILLEFRANCHE SUR SAONE","FOURNITURE ET LOCATION DE SOLUTION DE VIDEOSURVEILLANCE AUTONOME","INITIAL","https://www.boamp.fr/pages/avis/?q=idweb:26-12530","video","NON"
"26-15807","2026-02-15","ÉTABLISSEMENT PUBLIC FONCIER DE NOUVELLE-AQUITAINE","Vidéosurveillance - site SNPE - 16000 ANGOULEME","INITIAL","https://www.boamp.fr/pages/avis/?q=idweb:26-15807","video","NON"
"26-31341","2026-03-27","Bordeaux Métropole","Prestations de maîtrise d'oeuvre liées à l'opération de sécurisation des dépôts  de tramway de Bastide, La Jallère, Achard et dépôt de bus Centre d'exploitation du Lac (CEL) à Bordeaux","INITIAL","https://www.boamp.fr/pages/avis/?q=idweb:26-31341","video","NON"
"26-33732","2026-04-03","SEMITAN, mandataire de Nantes Métropole","MTB11 - Électricité HT - CFO - CFA - SSI - Contrôle d'accès - Vidéosurveillance pour l'opération Vertonne 1 Bis, extension de Cetex et remisage bus électriques","INITIAL","https://www.boamp.fr/pages/avis/?q=idweb:26-33732","video","NON"
"26-24155","2026-03-09","Collectivité de Corse","Installation, maintenance et extension des systèmes d'alarme anti-intrusion et de vidéosurveillance des sites de la Collectivité de Corse Relance","RECTIFICATIF","https://www.boamp.fr/pages/avis/?q=idweb:26-24155","video","NON"
"26-22685","2026-03-05","Collectivité de Corse","Installation, maintenance et extension des systèmes d'alarme anti-intrusion et de vidéosurveillance des sites de la Collectivité de Corse Relance","INITIAL","https://www.boamp.fr/pages/avis/?q=idweb:26-22685","video","NON"
"26-3380","2026-01-14","Conseil départemental Loire Atlantique","Intégration, maintenance et support du système de vidéosurveillance du Département de Loire-Atlantique","INITIAL","https://www.boamp.fr/pages/avis/?q=idweb:26-3380","video","NON"
"26-18037","2026-02-22","Union des Groupements d'Achats Publics","Prestations de sécurité humaine, de télésurveillance et télé vidéosurveillance sur des sites sensibles et non sensibles avec fournitures et prestations annexes","INITIAL","https://www.boamp.fr/pages/avis/?q=idweb:26-18037","video","NON"
"26-41013","2026-04-22","CHU de TOULOUSE","R2311 TRAVAUX DE MISE EN PLACE DE VIDEOSURVEILANCE  HOPITAL DE RANGUEIL","INITIAL","https://www.boamp.fr/pages/avis/?q=idweb:26-41013","video","NON"
"26-12776","2026-02-07","SGAR ARA - PFRA","Prestation de maintenance et de petits travaux d'entretien pour les systèmes de sûreté électronique installés dans les sites des service de l'Etat en région Auvergne-Rhône-Alpes","INITIAL","https://www.boamp.fr/pages/avis/?q=idweb:26-12776","video","NON"
"26-4347","2026-01-15","Commune de Cergy","Accord-cadre mono-attributaire relatif à la vérification, l’entretien et le remplacement des alarmes intrusion et de vidéosurveillance dans les bâtiments de la ville de Cergy.","INITIAL","https://www.boamp.fr/pages/avis/?q=idweb:26-4347","video","NON"
"26-10000","2026-01-29","SmVSA","Mise en place d'un système de vidéosurveillance et détection d'intrusion","INITIAL","https://www.boamp.fr/pages/avis/?q=idweb:26-10000","video","NON"
"26-26625","2026-03-15","Régie Ligne d'Azur (06)","Fourniture et réparation des systèmes de vidéosurveillance embarqués des bus et tramways de la Régie Ligne d'Azur","INITIAL","https://www.boamp.fr/pages/avis/?q=idweb:26-26625","video","NON"
"26-21023","2026-03-04","Union des Groupements d'Achats Publics","Prestations de sécurité humaine, de télésurveillance et télé vidéosurveillance sur des sites sensibles et non sensibles avec fournitures et prestations annexes","RECTIFICATIF","https://www.boamp.fr/pages/avis/?q=idweb:26-21023","video","NON"
"26-16427","2026-02-16","NOREADE SIDEN-SIAN","ACCORD CADRE EN VUE DE LA MAINTENANCE ET ENTRETIEN DES INSTALLATIONS DE SYSTEMES DE DETECTION INCENDIE, ALARME INTRUSION, CONTROLE D'ACCES ET VIDEOSURVEILLANCE POUR LES BATIMENTS ADMINISTRATIFS ET...","INITIAL","https://www.boamp.fr/pages/avis/?q=idweb:26-16427","video","NON"
"26-27216","2026-03-16","COVALDEM 11","Fourniture en location, installation et maintenance de systèmes de vidéosurveillance pour deux éco-centres et quatre centres de transferts du Covaldem11","INITIAL","https://www.boamp.fr/pages/avis/?q=idweb:26-27216","video","NON"
"26-15667","2026-02-15","Val d'Europe agglomération","Gestion d'un système d'accès, de paiement, de vidéosurveillance et de l'entretien des parkings de Val d'Europe Agglomération","INITIAL","https://www.boamp.fr/pages/avis/?q=idweb:26-15667","video","NON"
"26-40707","2026-04-21","Ville de Rivière Salée (972)","Avis d'Appel Public à Candidatures pour les Travaux de mise en œuvre d'un système de Vidéo protection urbaine sur le territoire de la Ville de Rivière-Salée","INITIAL","https://www.boamp.fr/pages/avis/?q=idweb:26-40707","video","NON"
"26-21011","2026-03-03","Direction interrégionale des Services pénitentiaires de Dijon","MOE pour le renouvellement du système de vidéosurveillance du domaine pénitentiaire de la DISP de DIJON","INITIAL","https://www.boamp.fr/pages/avis/?q=idweb:26-21011","video","NON"
"26-22574","2026-03-04","PANTIN HABITAT","Prestations de maintenance corrective des systèmes de vidéosurveillance installés sur divers immeubles du patrimoine de Pantin Habitat","RECTIFICATIF","https://www.boamp.fr/pages/avis/?q=idweb:26-22574","video","NON"
"26-24327","2026-03-09","Collectivité de Corse","Installation, maintenance et extension des systèmes d'alarme anti-intrusion et de vidéosurveillance des sites de la Collectivité de Corse Relance","RECTIFICATIF","https://www.boamp.fr/pages/avis/?q=idweb:26-24327","video","NON"
"26-7048","2026-01-22","Agglo Pays d'Issoire","Maintenance et extension des systèmes d'alarmes, de contrôle d'accès et de vidéosurveillances de l'Agglo Pays d'Issoire","INITIAL","https://www.boamp.fr/pages/avis/?q=idweb:26-7048","video","NON"
"26-29858","2026-03-24","Nantes Métropole Aménagement - Mandataire agissant au nom et pour le compte de la NANTES METROPOLE","Mission d'Etudes et de Suivi de l'installation et du paramétrage des dispositifs de sureté de la Cité des imaginaires à Nantes","RECTIFICATIF","https://www.boamp.fr/pages/avis/?q=idweb:26-29858","video","NON"
"26-7690","2026-01-23","Bordeaux Métropole","Fourniture, pose et Maintien en Condition Opérationnelle (MCO) de Faisceaux hertziens","INITIAL","https://www.boamp.fr/pages/avis/?q=idweb:26-7690","video","NON"
"26-20856","2026-03-01","Nantes Métropole Aménagement - Mandataire agissant au nom et pour le compte de la NANTES METROPOLE","Mission d'Etudes et de Suivi de l'installation et du paramétrage des dispositifs de sureté de la Cité des imaginaires à Nantes","INITIAL","https://www.boamp.fr/pages/avis/?q=idweb:26-20856","video","NON"
"26-38249","2026-04-16","COMMANDE PUBLIQUE","Maintenance et vérifications règlementaires des bâtiments et équipements de la communauté de communes Moselle et Madon-.","INITIAL","https://www.boamp.fr/pages/avis/?q=idweb:26-38249","video","NON"
"26-26705","2026-03-15","SEMITAN, mandataire de Nantes Métropole","MT3 - Travaux de Basse Tension et Courants faibles de station - Ligne 8 Busway","INITIAL","https://www.boamp.fr/pages/avis/?q=idweb:26-26705","video","NON"
"26-5679","2026-01-18","Commune d&#039;Aulnoye-Aymeries","Réhabilitation des vestiaires du stade de l'Attoque et de ses abords","INITIAL","https://www.boamp.fr/pages/avis/?q=idweb:26-5679","video","NON"
"26-42335","2026-04-28","Bordeaux Métropole","Fourniture, pose et Maintien en Condition Opérationnelle (MCO) de Faisceaux hertziens","INITIAL","https://www.boamp.fr/pages/avis/?q=idweb:26-42335","video","NON"
"26-24271","2026-03-11","Ville de Gujan-Mestras","Extension et maintenance du système de vidéo-protection de la Ville de Gujan-Mestras","INITIAL","https://www.boamp.fr/pages/avis/?q=idweb:26-24271","video","NON"
"26-32458","2026-03-31","Rennes Métropole","Rennes - Quais de Vilaine - Aménagement des espaces publics - Travaux - Lots n° 1 à 4","INITIAL","https://www.boamp.fr/pages/avis/?q=idweb:26-32458","video","NON"
"26-40950","2026-04-23","RTM - Régie des Transports Métropolitains","MODERNISATION ET DEVELOPPEMENT DES INSTALLATIONS DE VIDEO DU GROUPE RTM","INITIAL","https://www.boamp.fr/pages/avis/?q=idweb:26-40950","video","NON"
"26-264","2026-01-06","Mairie de La Grande Motte","Fourniture, pose et maintenance du système de vidéo protection et du contrôle d'accès des bâtiments communaux de la Ville de La Grande Motte","INITIAL","https://www.boamp.fr/pages/avis/?q=idweb:26-264","video","NON"
"26-5272","2026-01-16","Mauges Communauté","Travaux de réhabilitation de la déchèterie de Beaupréau","INITIAL","https://www.boamp.fr/pages/avis/?q=idweb:26-5272","video","NON"
"26-6552","2026-01-21","Mairie d'Aix-en-Provence","MAINTENANCE ET INSTALLATION DE SYSTEMES DE SECURITE DANS LES BATIMENTS COMMUNAUX (3 LOTS)","INITIAL","https://www.boamp.fr/pages/avis/?q=idweb:26-6552","video","NON"
"26-10996","2026-02-02","Ville de Mèze","Travaux d'extension et maintenance du système de protection urbaine pour la ville de Mèze","INITIAL","https://www.boamp.fr/pages/avis/?q=idweb:26-10996","video","NON"
"26-19055","2026-02-25","Ville de Franconville-la-Garenne","MISE EN SURETE DES BATIMENTS COMMUNAUX","INITIAL","https://www.boamp.fr/pages/avis/?q=idweb:26-19055","video","NON"
"26-27539","2026-03-18","SEMOP Saint Christol","Aménagement du quartier Saint Christol à Pézenas - Phase 1 et 2 : Travaux","INITIAL","https://www.boamp.fr/pages/avis/?q=idweb:26-27539","video","NON"
"26-31201","2026-03-27","GHT ORNE PERCHE SAOSNOIS","Prestations de Maintenance multi-techniques et de prestations de service pour les Bâtiments du GHT Orne Perche Saosnois – RELANCE lots sans suite","INITIAL","https://www.boamp.fr/pages/avis/?q=idweb:26-31201","video","NON"
"26-6685","2026-01-21","Groupement Hospitalier de territoire - Grand Paris Nord-Est","PRESTATIONS DE SECURITE INCENDIE ET SURETE MALVEILLANCE POUR LE GHT GRAND PARIS NORD EST","INITIAL","https://www.boamp.fr/pages/avis/?q=idweb:26-6685","video","NON"
"26-7675","2026-01-23","Commune d&#039;Aulnoye-Aymeries","Réhabilitation des vestiaires du stade de l'Attoque et de ses abords","INITIAL","https://www.boamp.fr/pages/avis/?q=idweb:26-7675","video","NON"
"26-41177","2026-04-24","Bordeaux Métropole","Fourniture, pose et Maintien en Condition Opérationnelle (MCO) de Faisceaux hertziens","INITIAL","https://www.boamp.fr/pages/avis/?q=idweb:26-41177","video","NON"
"26-10446","2026-01-31","Métropole européenne de Lille","Acquisition de bus électriques standards","INITIAL","https://www.boamp.fr/pages/avis/?q=idweb:26-10446","video","NON"
"26-22085","2026-03-03","Université de Limoges","Accord cadre pour le remplacement du contrôle d'accès des bâtiments de l'Université de Limoges","INITIAL","https://www.boamp.fr/pages/avis/?q=idweb:26-22085","video","NON"
"26-11141","2026-02-03","Mairie de Roquebrune sur Argens","ACCORD-CADRE À BONS DE COMMANDE DE MAÎTRISE D'OeUVRE EN TRAVAUX D'INFRASTRUCTURES / VRD ET AUTRES MISSIONS D'ÉTUDES ASSOCIÉES","INITIAL","https://www.boamp.fr/pages/avis/?q=idweb:26-11141","video","NON"
"26-20667","2026-03-01","Bordeaux Métropole","Fourniture, pose et Maintien en Condition Opérationnelle (MCO) de Faisceaux hertziens","RECTIFICATIF","https://www.boamp.fr/pages/avis/?q=idweb:26-20667","video","NON"
"26-30892","2026-03-25","Direction Interrégionale Services Pénitentiaire de Lyon","Marché de maitrise d'oeuvre pour les travaux de remplacement de vidéo surveillance à la Maison d'Arrêt de Bonneville","INITIAL","https://www.boamp.fr/pages/avis/?q=idweb:26-30892","video","NON"
"26-29202","2026-03-22","Aéroport de La Réunion Roland Garros (974)","Marché de prestation de sureté","INITIAL","https://www.boamp.fr/pages/avis/?q=idweb:26-29202","video","NON"
"26-26927","2026-03-17","Communauté d'Agglomération de Cambrai","Projet aménagements du site de l’aéroplaine","INITIAL","https://www.boamp.fr/pages/avis/?q=idweb:26-26927","video","NON"
"26-30117","2026-03-24","CCAS de Cannes (06)","Services de sûreté et de sécurité","INITIAL","https://www.boamp.fr/pages/avis/?q=idweb:26-30117","video","NON"
"26-33052","2026-04-01","Metropole Toulon-Provence-Mediterranee","24TRAV17 - TRAVAUX DE REQUALIFICATION DE L'AVENUE MARECHAL DE LATTRE DE TASSIGNY A TOULON","INITIAL","https://www.boamp.fr/pages/avis/?q=idweb:26-33052","video","NON"
"26-42100","2026-04-24","Caf de la Gironde","Travaux de réhabilitation du site d'accueil Caf à Floirac","INITIAL","https://www.boamp.fr/pages/avis/?q=idweb:26-42100","video","NON"
"26-2804","2026-01-09","REGION AUVERGNE RHONE ALPES","Travaux d'installation de bâtiments préfabriqués au lycée de La Matheysine à La Mure (38)","INITIAL","https://www.boamp.fr/pages/avis/?q=idweb:26-2804","video","NON"
"26-982","2026-01-07","Département de Seine-et-Marne","ENTRETIEN ET MAINTENANCE DES SYSTEMES DE VIDEOS SURVEILLANCE DES COLLEGES DE SEINE-ET-MARNE","INITIAL","https://www.boamp.fr/pages/avis/?q=idweb:26-982","video","NON"
"26-9647","2026-01-29","REGION AUVERGNE RHONE ALPES","Travaux d'extension-restructuration de l'internat du lycée Louis Mallet à Saint-Flour (15) - 8 lots (AOO)","INITIAL","https://www.boamp.fr/pages/avis/?q=idweb:26-9647","video","NON"
"26-10083","2026-01-29","Sem Arac Occitanie","Lycée Germaine Tillion à Castelnaudary","INITIAL","https://www.boamp.fr/pages/avis/?q=idweb:26-10083","video","NON"
"26-8807","2026-01-28","Ville de Roanne","MAINTENANCE DES SYSTEMES D'ALARMES  DANS LES BATIMENTS","INITIAL","https://www.boamp.fr/pages/avis/?q=idweb:26-8807","video","NON"
"26-34852","2026-04-05","MAIRIE DE REALLON","Placement et gestion d'un programme d'assurance pour les besoins de la Commune de Réallon","INITIAL","https://www.boamp.fr/pages/avis/?q=idweb:26-34852","video","NON"
"26-37963","2026-04-14","Mairie de Clichy-sous-Bois","Entretiens et réparations des portes coulissantes automatiques, portails motorisés, portes sectionnelles et rideaux métalliques y compris leur contrôle d'accès","INITIAL","https://www.boamp.fr/pages/avis/?q=idweb:26-37963","video","NON"
"26-28843","2026-03-19","Direction Interrégionale Services Pénitentiaire de Lyon","Marché de prestations intellectuelles pour le diagnostic de faisabilité d'une opération de remplacement de vidéo surveillance à la Maison d'Arrêt de Moulins","INITIAL","https://www.boamp.fr/pages/avis/?q=idweb:26-28843","video","NON"
"26-35936","2026-04-10","MAIRIE DE REALLON","Placement et gestion d'un programme d'assurance pour les besoins de la Commune de Réallon","RECTIFICATIF","https://www.boamp.fr/pages/avis/?q=idweb:26-35936","video","NON"
"26-20535","2026-03-01","SEMAVO agissant au nom et pour le compte du groupement de commande Ville de Goussainville, Coordonnateur / Communauté d'agglomération Roissy Pays de France","TRAVAUX D'AMENAGEMENTS DES ESPACES PUBLICS POUR LA REALISATION DU PROJET DE REQUALIFICATION DU QUARTIER DE LA GARE DE GOUSSAINVILLE","INITIAL","https://www.boamp.fr/pages/avis/?q=idweb:26-20535","video","NON"
"26-38303","2026-04-16","Musée d'art Hyacinthe Rigaud","ACCORD CADRE PRESTATIONS DE VIDEO SURVEILLANCE DE SURVEILLANCE ET DE SECURITE INCENDIE DU MUSEE D'ART HYACINTHE RIGAUD","INITIAL","https://www.boamp.fr/pages/avis/?q=idweb:26-38303","video","NON"
"26-37402","2026-04-15","DEPARTEMENT DE SAONE ET LOIRE","Maintenance des systèmes de contrôle d'accès, d'anti-intrusion, vidéo surveillance et prestation de télésurveillance avec levées de doute de différents sites du Départements de Saône et Loire et de...","INITIAL","https://www.boamp.fr/pages/avis/?q=idweb:26-37402","video","NON"
"26-26229","2026-03-15","SEMAPA","Phase candidature - Construction d'un équipement multisports - ZAC Python-Duvernois, Paris 20ème - Relance du lot 4","INITIAL","https://www.boamp.fr/pages/avis/?q=idweb:26-26229","video","NON"
"26-26039","2026-03-14","SPL ARAC OCCITANIE","Travaux pour l'extension et la réhabilitation de l'Ecole Nationale Supérieure d'Architecture de Toulouse (Opération n°50232)","INITIAL","https://www.boamp.fr/pages/avis/?q=idweb:26-26039","video","NON"
"26-34903","2026-04-05","GRAND PORT MARITIME DE MARSEILLE","ETUDES POUR LA MODERNISATION DU SERVICE DE TRAFIC MARITIME DU GRAND PORT MARITIME DE MARSEILLE","INITIAL","https://www.boamp.fr/pages/avis/?q=idweb:26-34903","video","NON"
"26-40680","2026-04-23","Ville de Gennevilliers","Gestion d'un réseau de télésurveillance dans les bâtiments communaux de la Ville de Gennevilliers","RECTIFICATIF","https://www.boamp.fr/pages/avis/?q=idweb:26-40680","video","NON"
"26-32008","2026-03-29","Université Côte d'Azur","Marché de maintenance et de travaux des installations de sûreté d'Université Côte d'Azur","INITIAL","https://www.boamp.fr/pages/avis/?q=idweb:26-32008","video","NON"
"26-5500","2026-01-18","EPF d'Occitanie","PRESTATIONS DE GARDIENNAGE ET DE TELESURVEILLANCE POUR LES BESOINS DE L’EPF D’OCCITANIE","INITIAL","https://www.boamp.fr/pages/avis/?q=idweb:26-5500","video","NON"
"26-12734","2026-02-06","URSSAF MIDI PYRENEES","MARCHE DE MAINTENANCE DES INSTALLATIONS ET EQUIPEMENTS DE SECURITE INCENDIE ET INTRUSION DES SITES DE L'URSSAF MIDI-PYRENEES","INITIAL","https://www.boamp.fr/pages/avis/?q=idweb:26-12734","video","NON"
"26-8075","2026-01-25","DIR Centre Est","Missions de contrôle technique relatives à des marchés de mise en oeuvre d'équipements dynamiques sur le réseau routier national de la DIR Centre Est","INITIAL","https://www.boamp.fr/pages/avis/?q=idweb:26-8075","video","NON"
"26-14499","2026-02-12","SEM ARAC OCCITANIE","Reconstruction de l'internat du Centre Hospitalier de Béziers - Lots 02 à 20","INITIAL","https://www.boamp.fr/pages/avis/?q=idweb:26-14499","video","NON"
"26-23959","2026-03-10","URSSAF MIDI PYRENEES","MARCHE DE MAINTENANCE DES INSTALLATIONS ET EQUIPEMENTS DE SECURITE INCENDIE ET INTRUSION DES SITES DE L'URSSAF MIDI-PYRENEES","RECTIFICATIF","https://www.boamp.fr/pages/avis/?q=idweb:26-23959","video","NON"
"26-26420","2026-03-15","Ville de Gennevilliers","Gestion d'un réseau de télésurveillance dans les bâtiments communaux de la Ville de Gennevilliers","INITIAL","https://www.boamp.fr/pages/avis/?q=idweb:26-26420","video","NON"
"26-30292","2026-03-25","M. Le maire","Sécurité Dôme et Palais des Sports","INITIAL","https://www.boamp.fr/pages/avis/?q=idweb:26-30292","video","NON"
"26-29118","2026-03-20","Cté de Cnes de la Basse Zorn","Travaux de Construction d'une déchetterie unique sur la Commune de KURTZENHOUSE","INITIAL","https://www.boamp.fr/pages/avis/?q=idweb:26-29118","video","NON"
"26-29862","2026-03-23","Théâtre National de l'Opéra Comique","TRAVAUX DE MODERNISATION DE LA CAGE DE SCÈNE, TRAVAUX DE SÛRETÉ, TRAVAUX DE DIFFUSION DE LA SALLE FAVART ET POINTS D'ANCRAGE","INITIAL","https://www.boamp.fr/pages/avis/?q=idweb:26-29862","video","NON"
"26-34190","2026-04-04","Université Côte d'Azur","Marché de maintenance et de travaux des installations de sûreté d'Université Côte d'Azur","RECTIFICATIF","https://www.boamp.fr/pages/avis/?q=idweb:26-34190","video","NON"
"26-122","2026-01-02","Communauté de communes Retz-en-Valois","Maîtrise d’œuvre pour la création d'une nouvelle déchèterie à Villers-Cotterêts","INITIAL","https://www.boamp.fr/pages/avis/?q=idweb:26-122","video","NON"
"26-3313","2026-01-12","Ville de Migennes","Pour l'extension du dispositif de vidéo de protection urbaine","INITIAL","https://www.boamp.fr/pages/avis/?q=idweb:26-3313","video","NON"
"26-34941","2026-04-05","SIMOUV","Sécurisation des dépôts de Transvilles de Saint-Waast, Denain et Saint-Saulve","INITIAL","https://www.boamp.fr/pages/avis/?q=idweb:26-34941","video","NON"
"26-22610","2026-03-04","Societe Ports De Toulon - La Seyne","Realisaton Des Travaux De Viabilisation Et Refection Du Quai Colis Lourds De Bregaillon","INITIAL","https://www.boamp.fr/pages/avis/?q=idweb:26-22610","video","NON"
"26-26525","2026-03-15","Métropole du Grand Nancy - Service Commande Publique","Maintenance des installations techniques dans les bâtiments de la Métropole du Grand Nancy-.","INITIAL","https://www.boamp.fr/pages/avis/?q=idweb:26-26525","video","NON"
"26-5784","2026-01-18","SPL ARAC OCCITANIE","Travaux pour la construction de l'ensemble immobilier « Halle des Mobilités »  du Pôle d'Echange Multimodal (PEM) de Marengo à Toulouse (Opération n° 50320)","INITIAL","https://www.boamp.fr/pages/avis/?q=idweb:26-5784","video","NON"
"26-37750","2026-04-15","Ville de Gennevilliers","Gestion d'un réseau de télésurveillance dans les bâtiments communaux de la Ville de Gennevilliers","RECTIFICATIF","https://www.boamp.fr/pages/avis/?q=idweb:26-37750","video","NON"
"26-14287","2026-02-11","CETIM","SERVICES DE COMMISSAIRE AUX COMPTES","INITIAL","https://www.boamp.fr/pages/avis/?q=idweb:26-14287","video","NON"
"26-27161","2026-03-18","Aéroport de La Réunion Roland Garros (974)","Marché de prestation de sureté","INITIAL","https://www.boamp.fr/pages/avis/?q=idweb:26-27161","video","NON"
"26-27193","2026-03-18","Ville de Melun Pôle Ressources, Services à la population et Transition Ecologique             Service de la Commande Publique","FOURNITURE DE VETEMENTS,  CHAUSSURES ET PETITS EQUIPEMENTS POUR LA POLICE MUNICIPALE","INITIAL","https://www.boamp.fr/pages/avis/?q=idweb:26-27193","video","NON"
"26-30674","2026-03-26","SEM ARAC OCCITANIE","Reconstruction de l'internat du Centre Hospitalier de Béziers - Lots 02 à 20","RECTIFICATIF","https://www.boamp.fr/pages/avis/?q=idweb:26-30674","video","NON"
"26-14967","2026-02-11","Direction interrégionale des services pénitentiaires du Grand Est - Département des affaires immobilières","Travaux de restructuration et extension du quartier d’isolement (QI) et du quartier disciplinaire (QD) de la maison centrale d’Ensisheim","INITIAL","https://www.boamp.fr/pages/avis/?q=idweb:26-14967","video","NON"
"26-36481","2026-04-12","VILLE de PARIS - DFA - SDA","Fourniture, conseil, installation et maintenance de matériels audiovisuels en 4 lots séparés","INITIAL","https://www.boamp.fr/pages/avis/?q=idweb:26-36481","video","NON"
"26-38208","2026-04-16","PFC Sud","Accueil sécuritaire, filtrage, contrôle d’accès, surveillance -gardiennage, sûreté aéroportuaire, sécurité incendie, assistance secours à personnes,  protection des personnes et environnement.","INITIAL","https://www.boamp.fr/pages/avis/?q=idweb:26-38208","video","NON"
"26-41527","2026-04-23","Région Auvergne-Rhône-Alpes","BHNS Trévoux-Lyon - Marché de sécurisation par vidéo-surveillance du site de Maintenance et de Remisage à Reyrieux","INITIAL","https://www.boamp.fr/pages/avis/?q=idweb:26-41527","video","NON"
"26-39355","2026-04-19","VILLE de PARIS - DFA - SDA","Maintenance multi-technique des installations techniques du stade Charléty","INITIAL","https://www.boamp.fr/pages/avis/?q=idweb:26-39355","video","NON"
"26-9691","2026-01-28","Université de Perpignan Via Domitia","Prestations de modélisation visant à la modélisation, la prévention des situations de prise de décisions à risque en milieu montagnard avec IA, collecte de données, réalité virtuelle.","INITIAL","https://www.boamp.fr/pages/avis/?q=idweb:26-9691","IA_migration|IA_tout","NON"
"26-12963","2026-02-08","EPCIC","La réalisation d’une étude sur l’intégration de l’Intelligence Artificielle générative au sein de la CCI de Corse","INITIAL","https://www.boamp.fr/pages/avis/?q=idweb:26-12963","IA_justice|IA_tout","NON"
"26-29022","2026-03-22","Caisse des dépôts","Accord-cadre pour la mise à disposition de solutions d’intelligence artificielle pour le Groupe Caisse des Dépôts","INITIAL","https://www.boamp.fr/pages/avis/?q=idweb:26-29022","IA_justice|IA_tout","NON"
"26-29582","2026-03-24","FRANCE TRAVAIL","ACCORD-CADRE D’ACCOMPAGNEMENT NATIONAL DE FRANCE TRAVAIL DANS LE CADRE DE LA CREATION ET LA REVISION DE SA CONFORMITE RGPD/RIA/HOMOLOGATION DES SYSTEMES D’INFORMATION","INITIAL","https://www.boamp.fr/pages/avis/?q=idweb:26-29582","IA_justice|IA_tout","OUI"
"26-28805","2026-03-21","FRANCE TRAVAIL","ACCORD-CADRE D’ACCOMPAGNEMENT NATIONAL DE FRANCE TRAVAIL DANS LE CADRE DE LA CREATION ET LA REVISION DE SA CONFORMITE RGPD/RIA/HOMOLOGATION DES SYSTEMES D’INFORMATION","INITIAL","https://www.boamp.fr/pages/avis/?q=idweb:26-28805","IA_justice|IA_tout","OUI"
"26-18469","2026-02-22","FRANCE TRAVAIL","ACCORD-CADRE D’ACCOMPAGNEMENT NATIONAL DE FRANCE TRAVAIL DANS LE CADRE DE LA CREATION ET LA REVISION DE SA CONFORMITE RGPD/RIA/HOMOLOGATION DES SYSTEMES D’INFORMATION","INITIAL","https://www.boamp.fr/pages/avis/?q=idweb:26-18469","IA_justice|IA_tout","OUI"
"26-22956","2026-03-05","AD Normandie","Conception, déploiement et maintenance d'une plateforme d'intelligence artificielle générative pour l'AD Normandie","RECTIFICATIF","https://www.boamp.fr/pages/avis/?q=idweb:26-22956","IA_tout","NON"
"26-42344","2026-04-27","Entente pour la Forêt Méditerranéenne","Fourniture d'un serveur de calcul dédié aux modèles d'intelligence artificielle","INITIAL","https://www.boamp.fr/pages/avis/?q=idweb:26-42344","IA_tout","NON"
"26-23086","2026-03-05","AD Normandie","Conception, déploiement et maintenance d'une plateforme d'intelligence artificielle générative pour l'AD Normandie","RECTIFICATIF","https://www.boamp.fr/pages/avis/?q=idweb:26-23086","IA_tout","NON"
"26-16552","2026-02-16","AD Normandie","Conception, déploiement et maintenance d'une plateforme d'intelligence artificielle générative pour l'AD Normandie","INITIAL","https://www.boamp.fr/pages/avis/?q=idweb:26-16552","IA_tout","NON"
"26-35846","2026-04-08","Centre national de la musique","MESURE DES ENJEUX SOCIAUX, ENVIRONNEMENTAUX ET ECONOMIQUES RELATIFS A L’USAGE DE L’INTELLIGENCE ARTIFICIELLE GENERATIVE DANS LA FILIERE MUSICALE FRANÇAISE","INITIAL","https://www.boamp.fr/pages/avis/?q=idweb:26-35846","IA_tout","NON"
"26-15001","2026-02-11","Agence régionale du numérique et de l&#039;intelligence artificielle","Tierce de maintenance applicative du logiciel CmaCarte","INITIAL","https://www.boamp.fr/pages/avis/?q=idweb:26-15001","IA_tout","NON"
"26-15022","2026-02-13","Agence régionale du numérique et de l&#039;intelligence artificielle","Assistance téléphonique de niveau 1 et SVI","INITIAL","https://www.boamp.fr/pages/avis/?q=idweb:26-15022","IA_tout","NON"
"26-26129","2026-03-13","Neoma Bs Reims","Solutions logicielles pour l'analyse automatisée de dossiers de candidature et la gestion des entretiens assistée par l'Ia et les tests de langues en ligne","RECTIFICATIF","https://www.boamp.fr/pages/avis/?q=idweb:26-26129","IA_tout","NON"
"26-11907","2026-02-03","Odyssi","Remplacement et mise en production de firewalls de nouvelle génération Fortigate - Sécurisation du système d'information d'Odyssi","RECTIFICATIF","https://www.boamp.fr/pages/avis/?q=idweb:26-11907","IA_tout","NON"
